"Biome_label_raw","n","median_raw","q25_raw","q75_raw"
"Woodland/shrubland",1811,1.28,0.571428571428571,2.25
"Temperate grassland/desert",1330,1,0.402941176470588,1.71428571428571
"Tropical seasonal forest/savanna",4139,1,0.545454545454545,2
"Tundra",751,1,0.416666666666667,2
"Subtropical desert",1140,0.911067193675889,0.5,1.57142857142857
"Temperate seasonal forest",7157,0.823529411764706,0.4,1.5
"Boreal forest",8559,0.7,0.368421052631579,1.42857142857143
